CR/PR,SD,POD,,CR/PR,SD/POD,,CR/PR,SD,POD,,CR/PR,SD/POD,,CR/PR,SD,POD,,CR/PR,SD/POD
0.005310658,0.001258474,0.993430868,,0.005310658,0.994689342,,0.204693942,0.168033643,0.627272415,,0.204693942,0.795306058,,0.074784592,0.020050542,0.905164865,,0.074784592,0.925215408
0.195542934,0.034853207,0.769603859,,0.195542934,0.804457066,,0.113117024,0.110631843,0.776251133,,0.113117024,0.886882976,,0.103158992,0.886984002,0.009857006,,0.103158992,0.896841008
0.121408799,0.786128902,0.092462298,,0.121408799,0.878591201,,0.126260602,0.808565078,0.06517432,,0.126260602,0.873739398,,0.023562418,0.907365957,0.069071624,,0.023562418,0.976437582
0.095980267,0.145250423,0.758769311,,0.095980267,0.904019733,,0.069733758,0.92631011,0.003956132,,0.069733758,0.930266242,,0.873798516,0.038577014,0.08762447,,0.873798516,0.126201484
0.176790075,0.811332403,0.011877522,,0.176790075,0.823209925,,0.034418415,0.20949539,0.756086195,,0.034418415,0.965581585,,0.004260671,0.964727836,0.031011493,,0.004260671,0.995739329
0.938637631,0.000545217,0.060817152,,0.938637631,0.061362369,,0.924999321,0.001184769,0.07381591,,0.924999321,0.075000679,,0.971848073,0.024872882,0.003279046,,0.971848073,0.028151927
0.008493608,0.134101045,0.857405347,,0.008493608,0.991506392,,0.075755252,0.02614913,0.898095619,,0.075755252,0.924244748,,0.006219854,0.010415051,0.983365095,,0.006219854,0.993780146
0.003519315,0.010034652,0.986446033,,0.003519315,0.996480685,,0.074014378,0.169076468,0.756909154,,0.074014378,0.925985622,,0.026958902,5.38E-06,0.973035718,,0.026958902,0.973041098
0.027663317,0.887760176,0.084576507,,0.027663317,0.972336683,,0.149900179,0.835694819,0.014405002,,0.149900179,0.850099821,,0.007468916,0.774790487,0.217740597,,0.007468916,0.992531084
0.208943132,0.752132063,0.038924804,,0.208943132,0.791056868,,0.046133228,0.914617089,0.039249683,,0.046133228,0.953866772,,0.09797213,0.821803536,0.080224334,,0.09797213,0.90202787
0.004791357,0.931773104,0.063435539,,0.004791357,0.995208643,,0.062331321,0.909753474,0.027915205,,0.062331321,0.937668679,,0.049203734,0.782480812,0.168315453,,0.049203734,0.950796266
0.823124932,0.067353811,0.109521258,,0.823124932,0.176875068,,0.637611727,0.204168112,0.158220161,,0.637611727,0.362388273,,0.93110455,0.004926518,0.063968931,,0.93110455,0.06889545
0.878963453,0.037890503,0.083146044,,0.878963453,0.121036547,,0.882628864,0.072711055,0.044660081,,0.882628864,0.117371136,,0.965313721,0.027901859,0.00678442,,0.965313721,0.034686279
0.000557552,0.00345515,0.995987297,,0.000557552,0.999442448,,0.146499748,0.227733912,0.625766339,,0.146499748,0.853500252,,0.099963841,0.04144427,0.858591888,,0.099963841,0.900036159
0.026182057,0.943311096,0.030506847,,0.026182057,0.973817943,,0.046794611,0.820582596,0.132622793,,0.046794611,0.953205389,,0.164229145,0.799875677,0.035895178,,0.164229145,0.835770855
0.037073836,0.947594861,0.015331303,,0.037073836,0.962926164,,0.034513384,0.949866389,0.015620227,,0.034513384,0.965486616,,0.002697598,0.982402691,0.01489971,,0.002697598,0.997302402
0.754770072,0.243575214,0.001654714,,0.754770072,0.245229928,,0.141376355,0.096251351,0.762372293,,0.141376355,0.858623645,,0.011305046,0.028481268,0.960213686,,0.011305046,0.988694954
0.051344389,0.899628208,0.049027402,,0.051344389,0.948655611,,0.006647939,0.579172605,0.414179456,,0.006647939,0.993352061,,0.078535244,0.920386954,0.001077801,,0.078535244,0.921464756
0.021282486,0.971447602,0.007269912,,0.021282486,0.978717514,,0.115497728,0.807426519,0.077075754,,0.115497728,0.884502272,,0.049225622,0.945145604,0.005628774,,0.049225622,0.950774378
0.110954449,0.760604034,0.128441518,,0.110954449,0.889045551,,0.002142245,0.952304867,0.045552888,,0.002142245,0.997857755,,0.00140783,0.903669705,0.094922464,,0.00140783,0.99859217
0.916478343,0.071190421,0.012331236,,0.916478343,0.083521657,,0.015857762,0.011033667,0.973108571,,0.015857762,0.984142238,,0.764491919,0.16448091,0.071027172,,0.764491919,0.235508081
0.17136699,0.778821363,0.049811647,,0.17136699,0.82863301,,0.000739857,0.91009591,0.089164233,,0.000739857,0.999260143,,0.26448912,0.074362235,0.661148645,,0.26448912,0.73551088
0.144254052,0.009774928,0.845971021,,0.144254052,0.855745948,,0.009877614,0.018214219,0.971908168,,0.009877614,0.990122386,,0.053158714,0.146641252,0.800200034,,0.053158714,0.946841286
0.023830575,0.00161558,0.974553845,,0.023830575,0.976169425,,0.091312585,0.039770156,0.868917259,,0.091312585,0.908687415,,0.110388117,0.037806595,0.851805287,,0.110388117,0.889611883
0.02787629,0.95338161,0.0187421,,0.02787629,0.97212371,,0.002675756,0.994474658,0.002849586,,0.002675756,0.997324244,,0.168662107,0.80260177,0.028736123,,0.168662107,0.831337893
0.197169339,0.785800853,0.017029808,,0.197169339,0.802830661,,0.00074345,0.987749778,0.011506771,,0.00074345,0.99925655,,0.060088629,0.867800885,0.072110486,,0.060088629,0.939911371
0.191121075,0.755463907,0.053415018,,0.191121075,0.808878925,,0.120092841,0.826190373,0.053716785,,0.120092841,0.879907159,,0.077479995,0.888130571,0.034389434,,0.077479995,0.922520005
0.772509552,0.220158551,0.007331897,,0.772509552,0.227490448,,0.918057798,0.065494158,0.016448044,,0.918057798,0.081942202,,0.008814361,0.033660506,0.957525132,,0.008814361,0.991185639
0.001447198,0.969836989,0.028715813,,0.001447198,0.998552802,,0.146111162,0.695524715,0.158364123,,0.146111162,0.853888838,,0.009534121,0.974480907,0.015984971,,0.009534121,0.990465879
0.062460115,0.030112813,0.907427072,,0.062460115,0.937539885,,0.003882595,0.039249416,0.956867989,,0.003882595,0.996117405,,0.083806149,0.024128428,0.892065423,,0.083806149,0.916193851
0.097079485,0.014365793,0.888554721,,0.097079485,0.902920515,,0.003656381,0.026819852,0.969523768,,0.003656381,0.996343619,,0.113426058,0.184677308,0.701896634,,0.113426058,0.886573942
0.007030109,9.83E-01,0.009879006,,0.007030109,0.992969891,,0.223286168,0.006904807,0.769809026,,0.223286168,0.776713832,,0.153817118,0.803938022,0.04224486,,0.153817118,0.846182882
0.94829206,0.006870951,0.044836989,,0.94829206,0.05170794,,0.884976394,0.089881846,0.02514176,,0.884976394,0.115023606,,0.869014021,0.032089159,0.09889682,,0.869014021,0.130985979
0.107243344,0.814350253,0.078406403,,0.107243344,0.892756656,,0.052237121,0.158673714,0.789089165,,0.052237121,0.947762879,,0.007918185,0.934656637,0.057425178,,0.007918185,0.992081815
0.135721158,0.056449152,0.80782969,,0.135721158,0.864278842,,0.019780167,0.129290873,0.85092896,,0.019780167,0.980219833,,0.133417052,0.084335755,0.782247193,,0.133417052,0.866582948
0.143398147,0.789004091,0.067597762,,0.143398147,0.856601853,,0.140781711,0.773657584,0.085560705,,0.140781711,0.859218289,,0.048648883,0.040767338,0.910583779,,0.048648883,0.951351117
0.90273099,0.021472886,0.075796124,,0.90273099,0.09726901,,0.960445574,0.031799402,0.007755024,,0.960445574,0.039554426,,0.109981889,0.0375293,0.852488811,,0.109981889,0.890018111
0.12702141,0.035759626,0.837218964,,0.12702141,0.87297859,,0.184674991,0.239723219,5.76E-01,,0.184674991,0.815325009,,0.008517049,0.233022888,0.758460063,,0.008517049,0.991482951
0.035120645,0.809159423,0.155719933,,0.035120645,0.964879355,,0.000990272,0.994696078,0.00431365,,0.000990272,0.999009728,,0.142439106,0.855199739,0.002361155,,0.142439106,0.857560894
0.133728421,0.753430848,0.112840731,,0.133728421,0.866271579,,0.107047415,0.776615547,0.116337038,,0.107047415,0.892952585,,0.234502802,0.74573534,0.019761858,,0.234502802,0.765497198
0.010758628,0.023613271,0.965628101,,0.010758628,0.989241372,,0.00263128,0.255939872,0.741428848,,0.00263128,0.99736872,,0.155546155,0.048071529,0.796382315,,0.155546155,0.844453845
0.097253991,0.514897533,0.387848476,,0.097253991,0.902746009,,0.110897409,0.827747514,0.061355077,,0.110897409,0.889102591,,0.080175531,0.017398625,0.902425844,,0.080175531,0.919824469
0.028521533,0.028547854,0.942930613,,0.028521533,0.971478467,,0.045907408,0.072181505,0.881911087,,0.045907408,0.954092592,,0.100532462,0.034696011,0.864771527,,0.100532462,0.899467538
0.071736947,0.012806044,0.915457009,,0.071736947,0.928263053,,0.008152369,0.026859036,0.964988595,,0.008152369,0.991847631,,0.117764937,0.034875156,0.847359906,,0.117764937,0.882235063
0.065415387,0.859409893,0.075174721,,0.065415387,0.934584613,,0.232358036,0.760649464,0.0069925,,0.232358036,0.767641964,,0.02163186,0.921236842,0.057131299,,0.02163186,0.97836814
0.057780711,0.001265686,0.940953604,,0.057780711,0.942219289,,0.130891307,0.059852287,0.809256406,,0.130891307,0.869108693,,0.002623054,0.111504398,0.885872548,,0.002623054,0.997376946
0.895614297,0.049232247,0.055153455,,0.895614297,0.104385703,,0.524179456,0.138629062,0.337191482,,0.524179456,0.475820544,,0.900554308,0.0456229,0.053822792,,0.900554308,0.099445692
0.035259865,0.163172354,0.801567781,,0.035259865,0.964740135,,0.054487825,0.183465273,0.762046902,,0.054487825,0.945512175,,0.094832813,0.149213687,0.7559535,,0.094832813,0.905167187
0.071249629,0.067153762,0.861596609,,0.071249629,0.928750371,,0.136819944,0.058529828,0.804650228,,0.136819944,0.863180056,,0.017649923,0.075969014,0.906381063,,0.017649923,0.982350077
0.006175188,0.019704418,0.974120394,,0.006175188,0.993824812,,0.070896689,0.327814785,0.601288526,,0.070896689,0.929103311,,0.179733876,0.021611034,0.79865509,,0.179733876,0.820266124
0.011290911,0.987342842,0.001366246,,0.011290911,0.988709089,,0.17408839,0.748876988,0.077034622,,0.17408839,0.82591161,,0.817737798,0.152827652,0.02943455,,0.817737798,0.182262202
0.079451316,0.798029546,0.122519138,,0.079451316,0.920548684,,0.003757911,0.819327791,0.176914298,,0.003757911,0.996242089,,0.164006185,0.755528851,0.080464964,,0.164006185,0.835993815
0.011609934,0.984049068,0.004340999,,0.011609934,0.988390066,,0.137516131,0.62686364,0.235620229,,0.137516131,0.862483869,,0.003791665,0.097811819,0.898396516,,0.003791665,0.996208335
0.044369917,0.839024277,0.116605806,,0.044369917,0.955630083,,0.206513462,0.016467713,0.777018825,,0.206513462,0.793486538,,0.004589731,0.055545095,0.939865175,,0.004589731,0.995410269
0.012645539,0.983478836,0.003875625,,0.012645539,0.987354461,,0.02850064,0.001991637,0.969507722,,0.02850064,0.97149936,,0.021690255,0.859052981,0.119256764,,0.021690255,0.978309745
0.244894853,0.711847348,4.33E-02,,0.244894853,0.755105147,,0.050944598,0.920603702,0.0284517,,0.050944598,0.949055402,,0.037036972,0.89452829,0.068434737,,0.037036972,0.962963028
0.00125772,0.008244825,0.990497455,,0.00125772,0.99874228,,0.030644307,0.051066147,0.918289546,,0.030644307,0.969355693,,0.402541283,0.091071022,0.506387695,,0.402541283,0.597458717
0.134274495,0.095721582,0.770003923,,0.134274495,0.865725505,,0.004528072,0.020962889,0.97450904,,0.004528072,0.995471928,,0.085206457,0.043993603,0.87079994,,0.085206457,0.914793543
0.822520798,0.064018861,0.113460341,,0.822520798,0.177479202,,0.617165337,0.095796508,0.287038156,,0.617165337,0.382834663,,0.044188882,0.88008612,0.075724998,,0.044188882,0.955811118
0.120725337,0.576760834,0.302513828,,0.120725337,0.879274663,,0.181139681,0.095972924,0.722887396,,0.181139681,0.818860319,,0.001119462,0.874469551,0.124410987,,0.001119462,0.998880538
0.017214898,0.11123293,0.871552172,,0.017214898,0.982785102,,0.028047816,0.008492107,0.963460077,,0.028047816,0.971952184,,0.004335639,0.233177863,0.762486498,,0.004335639,0.995664361
0.13546099,0.79568755,0.06885146,,0.13546099,0.86453901,,0.013290585,0.84583054,0.140878875,,0.013290585,0.986709415,,0.014475084,0.048816944,0.936707972,,0.014475084,0.985524916
0.044883631,0.11766498,0.837451389,,0.044883631,0.955116369,,0.034255332,0.097420562,0.868324106,,0.034255332,0.965744668,,0.007331829,0.235201497,7.57E-01,,0.007331829,0.992668171
0.887233474,0.017511922,0.095254603,,0.887233474,0.112766526,,0.811705256,0.137329115,0.050965629,,0.811705256,0.188294744,,0.941147108,0.058059898,0.000792994,,0.941147108,0.058852892
0.003664155,0.991450679,0.004885166,,0.003664155,0.996335845,,0.009962234,0.977444219,0.012593547,,0.009962234,0.990037766,,0.089335709,0.870618205,0.040046087,,0.089335709,0.910664291
0.00361725,0.884557523,0.111825228,,0.00361725,0.99638275,,0.143976605,0.853143002,0.002880394,,0.143976605,0.856023395,,0.012864298,0.001391238,0.985744464,,0.012864298,0.987135702
0.877355418,0.036110856,0.086533725,,0.877355418,0.122644582,,0.07098162,0.150682341,0.778336039,,0.07098162,0.92901838,,0.840266967,0.100553725,0.059179307,,0.840266967,0.159733033
0.041321726,0.843760482,0.114917792,,0.041321726,0.958678274,,0.366670431,0.549146194,0.084183375,,0.366670431,0.633329569,,0.062090939,0.692804482,0.245104579,,0.062090939,0.937909061
0.793765543,0.108806986,0.097427471,,0.793765543,0.206234457,,0.998525165,0.000264406,0.001210429,,0.998525165,0.001474835,,0.191228158,0.045517843,0.763254,,0.191228158,0.808771842
0.191555384,0.014892674,0.793551942,,0.191555384,0.808444616,,0.140442941,0.093128416,0.766428643,,0.140442941,0.859557059,,0.08212107,0.039924778,0.877954151,,0.08212107,0.91787893
0.146299603,0.026603294,0.827097102,,0.146299603,0.853700397,,0.074250171,0.899100883,0.026648946,,0.074250171,0.925749829,,0.083103723,0.016358639,0.900537639,,0.083103723,0.916896277
0.026435965,0.936207054,0.037356981,,0.026435965,0.973564035,,0.066230759,0.929911513,0.003857728,,0.066230759,0.933769241,,0.010355495,0.957590645,0.03205386,,0.010355495,0.989644505
0.098822447,0.082469308,0.818708245,,0.098822447,0.901177553,,0.115847403,0.058161632,0.825990965,,0.115847403,0.884152597,,0.093159684,0.054849277,0.851991039,,0.093159684,0.906840316
0.038705957,0.027964318,0.933329725,,0.038705957,0.961294043,,0.043124881,0.849676063,0.107199055,,0.043124881,0.956875119,,0.036260218,0.000910105,0.962829676,,0.036260218,0.963739782
0.014938798,0.955145206,0.029915996,,0.014938798,0.985061202,,0.041559303,0.847618353,0.110822344,,0.041559303,0.958440697,,0.043409019,0.951621795,0.004969187,,0.043409019,0.956590981
0.099049536,0.01277458,0.888175884,,0.099049536,0.900950464,,0.018239399,0.012938023,0.968822578,,0.018239399,0.981760601,,0.0671289,0.053626681,0.879244418,,0.0671289,0.9328711
0.023671649,0.845515014,0.130813337,,0.023671649,0.976328351,,0.242890562,0.680615521,0.076493917,,0.242890562,0.757109438,,0.100452788,0.028746079,0.870801133,,0.100452788,0.899547212
0.01618853,0.079923168,0.903888302,,0.01618853,0.98381147,,0.051308868,0.065086318,0.883604814,,0.051308868,0.948691132,,0.051874395,0.048362202,0.899763402,,0.051874395,0.948125605
0.892908614,0.070438046,0.03665334,,0.892908614,0.107091386,,0.893410151,0.013162265,0.093427583,,0.893410151,0.106589849,,0.778866706,0.155068699,0.066064594,,0.778866706,0.221133294
0.916086019,0.071350039,0.012563942,,0.916086019,0.083913981,,0.837319715,0.052926883,0.109753402,,0.837319715,0.162680285,,0.798675004,0.026770172,0.174554824,,0.798675004,0.201324996
0.833965146,0.104923862,0.061110993,,0.833965146,0.166034854,,0.777998588,0.195307368,0.026694044,,0.777998588,0.222001412,,0.889582429,0.026110883,0.084306688,,0.889582429,0.110417571
0.889351333,0.07240759,0.038241077,,0.889351333,0.110648667,,0.934535607,0.045490156,0.019974237,,0.934535607,0.065464393,,0.970700909,0.007874914,0.021424177,,0.970700909,0.029299091
0.001293329,0.990329651,8.38E-03,,0.001293329,0.998706671,,0.066308091,0.86105123,0.072640679,,0.066308091,0.933691909,,0.027173921,0.965940682,0.006885397,,0.027173921,0.972826079
0.141509527,0.002253526,0.856236947,,0.141509527,0.858490473,,0.061996248,0.069768902,0.86823485,,0.061996248,0.938003752,,0.157539907,0.075077544,0.767382549,,0.157539907,0.842460093
0.996574673,0.000243647,0.00318168,,0.996574673,0.003425327,,0.784318219,0.056839893,0.158841888,,0.784318219,0.215681781,,0.76191723,0.09862169,0.139461079,,0.76191723,0.23808277
0.068199666,0.76781228,0.163988055,,0.068199666,0.931800334,,0.104854981,0.872192075,0.022952944,,0.104854981,0.895145019,,0.003934089,0.995907029,0.000158882,,0.003934089,0.996065911
0.106978597,0.877957338,0.015064064,,0.106978597,0.893021403,,0.170968945,0.815855109,0.013175946,,0.170968945,0.829031055,,0.926493931,0.060526633,0.012979436,,0.926493931,0.073506069
0.071479873,0.811634247,0.11688588,,0.071479873,0.928520127,,0.081071411,0.912197084,0.006731505,,0.081071411,0.918928589,,0.406960969,0.047983211,0.54505582,,0.406960969,0.593039031
0.901605373,0.017131992,0.081262635,,0.901605373,0.098394627,,0.771397352,0.128712318,0.09989033,,0.771397352,0.228602648,,0.133801576,0.858251354,0.00794707,,0.133801576,0.866198424
0.88938434,0.050489211,0.06012645,,0.88938434,0.11061566,,0.784740185,0.200235996,0.015023819,,0.784740185,0.215259815,,0.793740295,0.019404433,0.186855272,,0.793740295,0.206259705
0.049088145,0.001393533,0.949518322,,0.049088145,0.950911855,,0.003339741,0.089638712,0.907021548,,0.003339741,0.996660259,,0.00382998,0.009034196,0.987135824,,0.00382998,0.99617002
0.008299122,0.074459654,0.917241224,,0.008299122,0.991700878,,0.064196365,0.006509636,0.929293999,,0.064196365,0.935803635,,0.010908227,0.023782761,0.965309012,,0.010908227,0.989091773
0.074238771,0.91508791,0.010673319,,0.074238771,0.925761229,,0.102110524,0.885171617,0.012717859,,0.102110524,0.897889476,,0.016199818,0.971773453,0.012026728,,0.016199818,0.983800182
0.801159525,0.013789459,0.185051016,,0.801159525,0.198840475,,0.822821933,0.000334026,0.176844041,,0.822821933,0.177178067,,0.576357678,0.408768391,0.014873931,,0.576357678,0.423642322
0.879483477,0.106016468,0.014500055,,0.879483477,0.120516523,,0.950739583,0.038447455,0.010812962,,0.950739583,0.049260417,,0.950665596,0.011015517,0.038318888,,0.950665596,0.049334404
0.038802664,0.879563418,0.081633918,,0.038802664,0.961197336,,0.164243385,0.050598457,0.785158158,,0.164243385,0.835756615,,0.029521091,0.175445384,0.795033525,,0.029521091,0.970478909
0.038427847,0.918030006,0.043542148,,0.038427847,0.961572153,,0.256651867,0.008922249,0.734425884,,0.256651867,0.743348133,,0.087111146,0.830852959,0.082035895,,0.087111146,0.912888854
0.074136888,0.818972269,0.106890843,,0.074136888,0.925863112,,0.071623386,0.852415941,0.075960673,,0.071623386,0.928376614,,0.049406146,0.032118409,0.918475446,,0.049406146,0.950593854
0.065115587,0.014633501,0.920250913,,0.065115587,0.934884413,,0.148086036,0.070828023,0.781085941,,0.148086036,0.851913964,,0.784297846,0.214951301,0.000750853,,0.784297846,0.215702154
0.039670119,0.829479581,0.1308503,,0.039670119,0.960329881,,0.062591899,0.882004971,0.055403131,,0.062591899,0.937408101,,0.989428324,0.005436227,0.005135448,,0.989428324,0.010571676
0.099092227,0.810333096,0.090574676,,0.099092227,0.900907773,,0.062374582,0.810672881,0.126952537,,0.062374582,0.937625418,,0.069284813,0.791828507,0.138886681,,0.069284813,0.930715187
0.012023035,0.162826824,0.82515014,,0.012023035,0.987976965,,0.022987811,0.215565971,0.761446218,,0.022987811,0.977012189,,0.168993082,0.052911358,0.77809556,,0.168993082,0.831006918
0.093784201,0.771751897,0.134463902,,0.093784201,0.906215799,,0.075020806,0.828653173,0.096326021,,0.075020806,0.924979194,,0.008873392,0.970865186,0.020261422,,0.008873392,0.991126608
0.046651635,0.81029112,0.143057245,,0.046651635,0.953348365,,0.025077881,0.779394477,0.195527642,,0.025077881,0.974922119,,0.099373544,0.877522478,0.023103978,,0.099373544,0.900626456
0.1709165,0.010281799,0.818801701,,0.1709165,0.8290835,,0.054098339,0.027424058,0.918477603,,0.054098339,0.945901661,,0.080363517,0.132292675,0.787343808,,0.080363517,0.919636483
0.119518377,0.123155354,0.757326269,,0.119518377,0.880481623,,0.221585215,0.001580639,0.776834146,,0.221585215,0.778414785,,0.013675328,0.418011682,0.56831299,,0.013675328,0.986324672
0.118030085,0.88039883,0.001571084,,0.118030085,0.881969915,,0.000639014,0.906147028,0.093213959,,0.000639014,0.999360986,,0.058179114,0.061392919,0.880427967,,0.058179114,0.941820886
0.070359596,0.066830846,0.862809558,,0.070359596,0.929640404,,0.031203297,0.109525545,0.859271158,,0.031203297,0.968796703,,0.008910073,0.115280124,0.875809803,,0.008910073,0.991089927
0.137048076,0.862546165,0.000405759,,0.137048076,0.862951924,,0.001009473,0.998911927,7.86E-05,,0.001009473,0.998990527,,0.037411616,0.824004423,0.138583962,,0.037411616,0.962588384
0.194958993,0.538893424,0.266147583,,0.194958993,0.805041007,,0.033750293,0.93919633,0.027053377,,0.033750293,0.966249707,,0.098704744,0.021731235,0.879564021,,0.098704744,0.901295256
0.017891965,0.021098466,0.96100957,,0.017891965,0.982108035,,0.078838728,0.127785159,0.793376113,,0.078838728,0.921161272,,0.245392617,0.241186642,0.513420742,,0.245392617,0.754607383
0.109311441,0.052192226,0.838496333,,0.109311441,0.890688559,,0.012078018,0.004969949,0.982952033,,0.012078018,0.987921982,,0.043301086,0.15384133,0.802857584,,0.043301086,0.956698914
0.149510036,0.786703051,0.063786912,,0.149510036,0.850489964,,0.006313028,0.966692037,0.026994936,,0.006313028,0.993686972,,0.061969249,0.765051398,0.172979353,,0.061969249,0.938030751
0.152518966,0.066965929,0.780515105,,0.152518966,0.847481034,,0.026241337,0.123062163,0.8506965,,0.026241337,0.973758663,,0.224988026,0.017852007,0.757159967,,0.224988026,0.775011974
0.881990049,0.111053773,0.006956178,,0.881990049,0.118009951,,0.857567259,0.056275846,0.086156895,,0.857567259,0.142432741,,0.928428228,0.011812595,0.059759177,,0.928428228,0.071571772
0.006876076,0.014061308,0.979062616,,0.006876076,0.993123924,,0.005230167,0.014272453,0.98049738,,0.005230167,0.994769833,,0.00095022,0.002014084,0.997035696,,0.00095022,0.99904978
0.096248247,0.88735925,0.016392502,,0.096248247,0.903751753,,0.000112648,0.964171715,0.035715637,,0.000112648,0.999887352,,0.002880619,0.909889643,0.087229739,,0.002880619,0.997119381
0.054321435,0.043020376,0.902658189,,0.054321435,0.945678565,,0.009186834,0.004212015,0.986601151,,0.009186834,0.990813166,,0.225050401,0.01981986,0.755129739,,0.225050401,0.774949599
0.002307249,0.041450822,0.956241929,,0.002307249,0.997692751,,0.113482158,0.1331841,0.753333742,,0.113482158,0.886517842,,0.062346761,0.095091193,0.842562045,,0.062346761,0.937653239
0.096501492,0.859593278,0.043905231,,0.096501492,0.903498508,,0.04152157,0.888589805,0.069888625,,0.04152157,0.95847843,,0.222393248,0.764134233,0.01347252,,0.222393248,0.777606752
0.000254579,0.190771485,0.808973936,,0.000254579,0.999745421,,0.007233338,0.004587891,0.98817877,,0.007233338,0.992766662,,0.106020055,0.019237108,0.874742837,,0.106020055,0.893979945
0.000970225,0.988278914,0.010750861,,0.000970225,0.999029775,,0.139019179,0.801597552,0.059383269,,0.139019179,0.860980821,,0.137585884,0.83092822,0.031485896,,0.137585884,0.862414116
0.023447638,0.00605778,0.970494582,,0.023447638,0.976552362,,0.186923479,0.614995848,0.198080673,,0.186923479,0.813076521,,0.107460344,0.037149166,0.85539049,,0.107460344,0.892539656
0.930899819,0.034238419,0.034861762,,0.930899819,0.069100181,,0.08023449,0.831221742,0.088543768,,0.08023449,0.91976551,,0.915474454,0.002213508,0.082312037,,0.915474454,0.084525546
0.018553319,0.93048524,0.050961441,,0.018553319,0.981446681,,0.909327571,0.085694166,0.004978263,,0.909327571,0.090672429,,0.082603866,0.873835307,0.043560827,,0.082603866,0.917396134
0.982990964,0.002745946,0.01426309,,0.982990964,0.017009036,,0.891770117,0.037663401,0.070566483,,0.891770117,0.108229883,,0.894273998,0.100143643,0.005582359,,0.894273998,0.105726002
0.004057185,4.84E-03,0.991102673,,0.004057185,0.995942815,,0.002903117,0.009729883,0.987367,,0.002903117,0.997096883,,0.1585478,0.000217282,0.841234918,,0.1585478,0.8414522
0.006516034,0.176794587,0.816689379,,0.006516034,0.993483966,,0.117474818,0.05406237,0.828462812,,0.117474818,0.882525182,,0.009166469,0.006799337,0.984034194,,0.009166469,0.990833531
0.12036927,0.013421667,0.866209063,,0.12036927,0.87963073,,0.062208569,0.093116464,0.844674967,,0.062208569,0.937791431,,0.140785025,0.070281488,0.788933487,,0.140785025,0.859214975
0.001962176,0.03938129,0.958656534,,0.001962176,0.998037824,,0.100296539,0.144378178,0.755325283,,0.100296539,0.899703461,,0.146461419,0.004851867,0.848686714,,0.146461419,0.853538581
0.071273515,0.001880245,0.92684624,,0.071273515,0.928726485,,0.091092915,0.002022225,0.90688486,,0.091092915,0.908907085,,0.127534262,0.103718462,0.768747276,,0.127534262,0.872465738
0.010406553,0.932284881,0.057308566,,0.010406553,0.989593447,,0.002770618,0.974443529,0.022785854,,0.002770618,0.997229382,,0.008043307,0.984989523,0.00696717,,0.008043307,0.991956693
0.000195791,0.963967832,0.035836377,,0.000195791,0.999804209,,0.025655983,0.943695101,0.030648916,,0.025655983,0.974344017,,0.234508285,0.681612111,0.083879604,,0.234508285,0.765491715
0.077567874,0.323288566,0.59914356,,0.077567874,0.922432126,,0.050627215,0.134915169,0.814457616,,0.050627215,0.949372785,,0.003392105,0.026078596,0.970529299,,0.003392105,0.996607895
0.134688177,0.02200906,0.843302763,,0.134688177,0.865311823,,0.009026909,0.099858954,0.891114137,,0.009026909,0.990973091,,0.111435521,0.003181841,0.885382639,,0.111435521,0.888564479
0.036565015,0.958614584,0.004820402,,0.036565015,0.963434985,,0.006130339,0.993649725,0.000219936,,0.006130339,0.993869661,,0.080319965,0.919090487,0.000589547,,0.080319965,0.919680035
0.149864169,0.081782837,0.768352994,,0.149864169,0.850135831,,0.158383732,0.222642741,0.618973527,,0.158383732,0.841616268,,0.439835375,0.053440989,0.506723636,,0.439835375,0.560164625
0.025713547,0.043663994,0.930622459,,0.025713547,0.974286453,,0.152472726,0.169651072,0.677876201,,0.152472726,0.847527274,,0.031944674,0.191247756,0.77680757,,0.031944674,0.968055326
0.001978545,0.94588409,0.052137365,,0.001978545,0.998021455,,0.054754671,0.918953103,0.026292226,,0.054754671,0.945245329,,0.032692667,0.89951685,0.067790483,,0.032692667,0.967307333
0.09893935,0.803413575,0.097647075,,0.09893935,0.90106065,,0.024708675,0.030874998,0.944416327,,0.024708675,0.975291325,,0.111085228,0.714475582,0.17443919,,0.111085228,0.888914772
0.100076759,0.870038338,0.029884903,,0.100076759,0.899923241,,0.02801094,0.951216718,0.020772342,,0.02801094,0.97198906,,0.904984366,0.055311957,0.039703677,,0.904984366,0.095015634
0.03113808,0.133704546,0.835157374,,0.03113808,0.96886192,,0.004669171,0.928513319,0.06681751,,0.004669171,0.995330829,,0.024357342,0.006162327,0.969480331,,0.024357342,0.975642658
0.132237421,0.013463992,0.854298587,,0.132237421,0.867762579,,0.013373827,0.182657909,0.803968263,,0.013373827,0.986626173,,0.030689504,0.934558983,0.034751514,,0.030689504,0.969310496
0.056660067,0.053234786,0.890105147,,0.056660067,0.943339933,,0.043638548,0.190963093,0.765398359,,0.043638548,0.956361452,,0.125678414,0.004896537,0.869425049,,0.125678414,0.874321586
0.756519051,0.234470039,0.009010909,,0.756519051,0.243480949,,0.958758413,0.015874123,0.025367465,,0.958758413,0.041241587,,0.072449585,0.825061023,0.102489392,,0.072449585,0.927550415
0.091704316,0.904434794,0.00386089,,0.091704316,0.908295684,,0.016226241,0.779306789,0.20446697,,0.016226241,0.983773759,,0.268485518,0.565505559,0.166008924,,0.268485518,0.731514482
0.079135625,0.032938865,0.88792551,,0.079135625,0.920864375,,0.028735566,0.065905289,0.905359145,,0.028735566,0.971264434,,0.149265161,0.025404769,0.82533007,,0.149265161,0.850734839
0.05970624,0.135802553,0.804491207,,0.05970624,0.94029376,,0.021613638,0.013795378,0.964590984,,0.021613638,0.978386362,,0.202949447,0.148443111,0.648607441,,0.202949447,0.797050553
0.053259146,0.146684313,0.800056541,,0.053259146,0.946740854,,0.119586214,0.366429723,0.513984064,,0.119586214,0.880413786,,0.032759199,0.295514884,0.671725917,,0.032759199,0.967240801
0.131116258,0.828155404,0.040728338,,0.131116258,0.868883742,,0.007466848,9.77E-01,0.015860494,,0.007466848,0.992533152,,0.101846237,0.864239131,0.033914633,,0.101846237,0.898153763
0.999697443,3.68E-05,0.000265802,,0.999697443,0.000302557,,0.001559018,0.994381954,0.004059028,,0.001559018,0.998440982,,0.963007466,0.020875256,0.016117279,,0.963007466,0.036992534
0.137572725,0.040768459,0.821658816,,0.137572725,0.862427275,,0.068493049,0.023625733,0.907881218,,0.068493049,0.931506951,,0.151903616,0.084918412,0.763177972,,0.151903616,0.848096384
0.019032459,0.905257153,0.075710387,,0.019032459,0.980967541,,0.03512312,0.9462806,0.018596279,,0.03512312,0.96487688,,0.000636297,0.931166848,0.068196855,,0.000636297,0.999363703
0.02413793,0.011944003,0.963918067,,0.02413793,0.97586207,,0.017266725,0.113963796,0.868769478,,0.017266725,0.982733275,,0.065461702,0.17440059,0.760137708,,0.065461702,0.934538298
0.002753998,0.994314048,0.002931954,,0.002753998,0.997246002,,0.82906554,0.021433683,0.149500777,,0.82906554,0.17093446,,0.008115308,0.829674375,0.162210317,,0.008115308,0.991884692
0.004269933,0.642115655,0.353614412,,0.004269933,0.995730067,,0.10634114,0.073109111,0.820549749,,0.10634114,0.89365886,,0.226646019,0.55891714,0.214436841,,0.226646019,0.773353981
0.003554002,0.100673927,0.895772071,,0.003554002,0.996445998,,0.019487719,0.083137552,0.897374729,,0.019487719,0.980512281,,0.051411029,0.193604181,0.754984789,,0.051411029,0.948588971
0.009483262,0.971462507,0.019054232,,0.009483262,0.990516738,,0.025843094,0.755366799,0.218790107,,0.025843094,0.974156906,,0.767454363,0.132557913,0.099987724,,0.767454363,0.232545637
0.078332432,0.114173805,0.807493763,,0.078332432,0.921667568,,0.03564932,0.885286598,0.079064082,,0.03564932,0.96435068,,0.042489392,0.842642703,0.114867904,,0.042489392,0.957510608
0.828155409,0.029467269,0.142377322,,0.828155409,0.171844591,,0.843223154,0.106669334,0.050107512,,0.843223154,0.156776846,,0.821855491,0.019389977,0.158754532,,0.821855491,0.178144509
0.578573291,0.346377645,0.075049064,,0.578573291,0.421426709,,0.928224184,0.068769064,0.003006752,,0.928224184,0.071775816,,0.810477317,0.093314457,0.096208226,,0.810477317,0.189522683
0.128192982,0.072847189,0.798959829,,0.128192982,0.871807018,,0.111667231,0.866120473,0.022212296,,0.111667231,0.888332769,,0.078352025,0.109082483,0.812565492,,0.078352025,0.921647975
0.18271114,0.030180313,0.787108547,,0.18271114,0.81728886,,0.002314586,0.073371117,0.924314297,,0.002314586,0.997685414,,0.014245503,0.040022241,0.945732256,,0.014245503,0.985754497
0.231518278,0.001742727,0.766738996,,0.231518278,0.768481722,,0.036940509,0.044522477,0.918537014,,0.036940509,0.963059491,,0.129931387,0.084666142,0.785402471,,0.129931387,0.870068613
0.000659589,0.957051698,0.042288712,,0.000659589,0.999340411,,0.006003499,0.902337728,0.091658773,,0.006003499,0.993996501,,0.075270741,0.084504044,0.840225214,,0.075270741,0.924729259
0.076027348,0.002979991,0.920992661,,0.076027348,0.923972652,,0.097006953,0.058530099,0.844462948,,0.097006953,0.902993047,,0.034067729,0.120570315,0.845361956,,0.034067729,0.965932271
0.045851828,0.922361875,0.031786297,,0.045851828,0.954148172,,0.015730404,0.974593649,0.009675948,,0.015730404,0.984269596,,0.005768518,0.537432149,0.456799333,,0.005768518,0.994231482
0.081516571,0.040779197,0.877704232,,0.081516571,0.918483429,,0.15799167,0.063176578,0.778831752,,0.15799167,0.84200833,,0.018321607,0.028129813,0.95354858,,0.018321607,0.981678393
0.852742338,0.07313932,0.074118342,,0.852742338,0.147257662,,0.821503857,0.166095349,0.012400794,,0.821503857,0.178496143,,0.821639384,0.150398733,0.027961883,,0.821639384,0.178360616
0.145053462,0.823218609,0.031727929,,0.145053462,0.854946538,,0.038668595,0.896290692,0.065040713,,0.038668595,0.961331405,,0.149115927,0.827497482,0.023386591,,0.149115927,0.850884073
0.894869478,0.016571341,0.088559181,,0.894869478,0.105130522,,0.638639006,0.238813988,0.122547006,,0.638639006,0.361360994,,0.820312322,0.114694988,0.06499269,,0.820312322,0.179687678
0.324800187,0.069923307,0.605276506,,0.324800187,0.675199813,,0.068058858,0.100179106,0.831762036,,0.068058858,0.931941142,,0.000882923,0.009262472,0.989854604,,0.000882923,0.999117077
0.569920662,0.171035979,0.259043359,,0.569920662,0.430079338,,0.991894381,0.002344665,0.005760954,,0.991894381,0.008105619,,0.895146314,0.006236897,0.098616789,,0.895146314,0.104853686
0.93055313,0.067809003,0.001637867,,0.93055313,0.06944687,,0.696091093,0.028107192,0.275801715,,0.696091093,0.303908907,,0.942518988,0.014821749,0.042659262,,0.942518988,0.057481012
0.012894063,0.230712393,0.756393544,,0.012894063,0.987105937,,0.039783089,2.05E-01,0.755001087,,0.039783089,0.960216911,,0.043832732,0.012364263,0.943803005,,0.043832732,0.956167268
0.090869591,0.028033644,0.881096765,,0.090869591,0.909130409,,0.130935577,0.037898481,0.831165942,,0.130935577,0.869064423,,0.092338679,0.139267505,0.768393816,,0.092338679,0.907661321
0.070404842,0.871004461,0.058590697,,0.070404842,0.929595158,,0.254904299,0.505151889,0.239943811,,0.254904299,0.745095701,,0.094485946,0.034754239,0.870759815,,0.094485946,0.905514054
0.18177817,0.02114965,0.79707218,,0.18177817,0.81822183,,0.179316682,0.060635409,0.760047909,,0.179316682,0.820683318,,0.991706722,0.006035754,0.002257524,,0.991706722,0.008293278
0.062647094,0.859403483,0.077949423,,0.062647094,0.937352906,,0.270587989,0.662266262,0.067145749,,0.270587989,0.729412011,,0.039031045,0.955276003,0.005692952,,0.039031045,0.960968955
0.973687016,0.013982321,0.012330663,,0.973687016,0.026312984,,0.916778919,0.08153685,0.001684231,,0.916778919,0.083221081,,0.858386276,0.084348287,0.057265438,,0.858386276,0.141613724
0.767738307,0.115914136,0.116347558,,0.767738307,0.232261693,,0.830283146,0.006879278,0.162837576,,0.830283146,0.169716854,,0.840008818,0.117184371,0.042806811,,0.840008818,0.159991182
0.869250604,0.025045254,0.105704142,,0.869250604,0.130749396,,0.845381676,0.026984431,0.127633893,,0.845381676,0.154618324,,0.866935866,0.087482961,0.045581173,,0.866935866,0.133064134
0.949917594,0.047551645,0.002530761,,0.949917594,0.050082406,,0.959248339,0.024216045,0.016535616,,0.959248339,0.040751661,,0.89960238,0.062882904,0.037514716,,0.89960238,0.10039762
0.052068581,0.851237583,0.096693836,,0.052068581,0.947931419,,0.088272873,0.757840554,0.153886572,,0.088272873,0.911727127,,0.032153097,0.961520328,0.006326575,,0.032153097,0.967846903
0.140915807,0.75595522,0.103128972,,0.140915807,0.859084193,,0.003332007,0.972136572,0.024531421,,0.003332007,0.996667993,,0.043271154,0.954121996,0.00260685,,0.043271154,0.956728846
0.077549356,0.900545317,0.021905327,,0.077549356,0.922450644,,0.090846048,0.856068011,0.053085941,,0.090846048,0.909153952,,0.372111188,0.56825679,0.059632022,,0.372111188,0.627888812
0.185430396,0.025907096,0.788662508,,0.185430396,0.814569604,,0.003881844,0.053125289,0.942992867,,0.003881844,0.996118156,,0.085909594,0.038536029,0.875554377,,0.085909594,0.914090406
0.12002943,0.822705968,0.057264602,,0.12002943,0.87997057,,0.050891602,0.615697185,0.333411212,,0.050891602,0.949108398,,0.274937147,0.636135762,0.088927091,,0.274937147,0.725062853
0.780237332,0.029453484,0.190309184,,0.780237332,0.219762668,,0.76241503,0.116510385,0.121074586,,0.76241503,0.23758497,,0.920065802,0.079147199,0.000786999,,0.920065802,0.079934198
0.011642935,0.882437034,1.06E-01,,0.011642935,0.988357065,,0.045068457,0.869145831,0.085785712,,0.045068457,0.954931543,,0.217662372,0.076211779,0.706125849,,0.217662372,0.782337628
0.851597593,0.138040873,0.010361534,,0.851597593,0.148402407,,0.801751788,0.044864006,0.153384205,,0.801751788,0.198248212,,0.879340755,0.084483183,0.036176062,,0.879340755,0.120659245
0.080142764,0.055458775,0.864398461,,0.080142764,0.919857236,,0.03821241,0.038230902,0.923556688,,0.03821241,0.96178759,,0.00925721,0.001347767,0.989395023,,0.00925721,0.99074279
0.029623579,0.043136765,0.927239656,,0.029623579,0.970376421,,0.00023122,0.020324692,0.979444088,,0.00023122,0.99976878,,0.133665081,0.047739552,0.818595367,,0.133665081,0.866334919
0.030991994,0.085323732,0.883684274,,0.030991994,0.969008006,,0.088649303,0.056658165,0.854692532,,0.088649303,0.911350697,,0.009500522,0.081824057,0.908675421,,0.009500522,0.990499478
0.107653846,0.033871454,0.8584747,,0.107653846,0.892346154,,0.014684744,0.000297035,0.985018221,,0.014684744,0.985315256,,0.089817154,0.154626329,0.755556517,,0.089817154,0.910182846
0.90579872,0.091393243,0.002808037,,0.90579872,0.09420128,,0.70820309,0.266837362,0.024959548,,0.70820309,0.29179691,,0.777327132,0.030710662,0.191962206,,0.777327132,0.222672868
0.050455289,0.945309179,0.004235532,,0.050455289,0.949544711,,0.068757462,0.884509462,0.046733077,,0.068757462,0.931242538,,0.001031991,0.006066916,0.992901092,,0.001031991,0.998968009
0.265210371,0.56365591,0.171133719,,0.265210371,0.734789629,,0.162750792,0.602850479,0.234398728,,0.162750792,0.837249208,,0.069885191,0.760249326,0.169865483,,0.069885191,0.930114809
0.004770835,0.989853111,0.005376055,,0.004770835,0.995229165,,0.037751894,0.949047506,0.013200601,,0.037751894,0.962248106,,0.0813299,0.839221307,0.079448793,,0.0813299,0.9186701
0.00088222,0.045948694,0.953169086,,0.00088222,0.99911778,,0.12377483,0.198626588,0.677598583,,0.12377483,0.87622517,,0.003310786,0.911614516,0.085074698,,0.003310786,0.996689214
0.056320204,0.110076818,0.833602979,,0.056320204,0.943679796,,0.818727734,0.032945944,0.148326322,,0.818727734,0.181272266,,0.007396214,0.037382097,0.955221689,,0.007396214,0.992603786
0.270740303,0.017056392,0.712203305,,0.270740303,0.729259697,,0.007686307,0.161346349,0.830967344,,0.007686307,0.992313693,,0.319905639,0.005742333,0.674352028,,0.319905639,0.680094361
0.002717243,0.888294599,0.108988158,,0.002717243,0.997282757,,0.113095734,0.830013907,0.056890358,,0.113095734,0.886904266,,0.098366811,0.756947114,0.144686075,,0.098366811,0.901633189
0.012155983,0.97840515,0.009438867,,0.012155983,0.987844017,,0.01434938,0.752113963,0.233536657,,0.01434938,0.98565062,,0.039278795,0.931969932,0.028751273,,0.039278795,0.960721205
0.026052012,0.967101254,0.006846733,,0.026052012,0.973947988,,0.031070144,0.883845383,0.085084474,,0.031070144,0.968929856,,0.00994753,0.766367611,0.223684859,,0.00994753,0.99005247
0.016858152,0.068094193,0.915047655,,0.016858152,0.983141848,,0.086206663,0.149037694,0.764755642,,0.086206663,0.913793337,,0.069065798,0.841513655,0.089420547,,0.069065798,0.930934202
0.069118925,0.06662286,0.864258215,,0.069118925,0.930881075,,0.007252409,0.046617702,0.946129888,,0.007252409,0.992747591,,0.143266956,0.064981225,0.791751819,,0.143266956,0.856733044
0.998418481,0.001164846,0.000416672,,0.998418481,0.001581519,,0.795402889,0.202145362,0.002451749,,0.795402889,0.204597111,,0.069685522,0.928294143,0.002020335,,0.069685522,0.930314478
0.023430122,0.218246877,0.758323002,,0.023430122,0.976569878,,0.015609714,0.049920503,0.934469783,,0.015609714,0.984390286,,0.032362905,0.12700817,0.840628924,,0.032362905,0.967637095
0.027258392,0.958384192,0.014357416,,0.027258392,0.972741608,,0.052674935,0.936190301,0.011134764,,0.052674935,0.947325065,,0.16003694,0.830012937,0.009950123,,0.16003694,0.83996306
0.000310783,0.128166882,0.871522335,,0.000310783,0.999689217,,0.117018458,0.011183292,0.87179825,,0.117018458,0.882981542,,0.060400393,0.071586765,0.868012843,,0.060400393,0.939599607
0.967038848,0.00825725,0.024703902,,0.967038848,0.032961152,,0.939590211,0.03584603,0.02456376,,0.939590211,0.060409789,,0.878268725,0.075654245,0.04607703,,0.878268725,0.121731275
0.156844163,0.076924791,0.766231047,,0.156844163,0.843155837,,0.081639362,0.129293334,0.789067304,,0.081639362,0.918360638,,0.147345596,0.059473258,0.793181146,,0.147345596,0.852654404
0.864051284,0.018918432,0.117030285,,0.864051284,0.135948716,,0.764287176,0.067849794,0.167863031,,0.764287176,0.235712824,,0.990510892,0.008258773,0.001230335,,0.990510892,0.009489108
0.839711046,0.049484424,0.11080453,,0.839711046,0.160288954,,0.948972318,0.020590248,0.030437434,,0.948972318,0.051027682,,0.800139235,0.193244323,0.006616442,,0.800139235,0.199860765
0.054883197,0.900370098,0.044746705,,0.054883197,0.945116803,,0.039304201,0.957929867,0.002765932,,0.039304201,0.960695799,,0.002751067,0.995378233,0.0018707,,0.002751067,0.997248933
0.875574017,0.029884176,0.094541807,,0.875574017,0.124425983,,0.671438199,0.11678436,0.211777441,,0.671438199,0.328561801,,0.770575946,0.101843101,0.127580954,,0.770575946,0.229424054
0.00152928,0.99548389,0.002986829,,0.00152928,0.99847072,,0.0897037,0.882372018,0.027924282,,0.0897037,0.9102963,,0.071753643,0.917762632,0.010483726,,0.071753643,0.928246357
0.057119002,0.942270306,0.000610692,,0.057119002,0.942880998,,0.117486723,0.546578198,0.335935079,,0.117486723,0.882513277,,0.099627468,0.894354573,0.006017959,,0.099627468,0.900372532
0.021900576,0.033201375,0.944898049,,0.021900576,0.978099424,,0.035989086,0.0543775,0.909633414,,0.035989086,0.964010914,,0.025605747,0.365698047,0.608696206,,0.025605747,0.974394253
0.762700909,0.16200526,0.075293831,,0.762700909,0.237299091,,0.850994231,0.002691064,0.146314705,,0.850994231,0.149005769,,0.980239014,0.016972198,0.002788788,,0.980239014,0.019760986
0.028117799,0.916048807,0.055833393,,0.028117799,0.971882201,,0.112060619,0.86201334,0.025926041,,0.112060619,0.887939381,,0.023481137,0.953806373,0.02271249,,0.023481137,0.976518863
0.000415935,0.000278151,0.999305913,,0.000415935,0.999584065,,0.016651724,0.017708395,0.965639881,,0.016651724,0.983348276,,0.035827347,0.114342106,0.849830547,,0.035827347,0.964172653
0.007775898,0.970372282,0.02185182,,0.007775898,0.992224102,,0.064689331,0.891563495,0.043747174,,0.064689331,0.935310669,,0.00470812,0.171057632,0.824234248,,0.00470812,0.99529188
0.780200973,0.187786343,0.032012683,,0.780200973,0.219799027,,0.96838044,0.000218546,0.031401014,,0.96838044,0.03161956,,0.854079714,0.128300618,0.017619668,,0.854079714,0.145920286
0.170037899,0.819855873,0.010106228,,0.170037899,0.829962101,,0.07900214,0.001905989,0.919091871,,0.07900214,0.92099786,,0.025661085,0.162654237,0.811684679,,0.025661085,0.974338915
0.002252144,0.994071692,0.003676164,,0.002252144,0.997747856,,0.232916026,0.764118102,0.002965872,,0.232916026,0.767083974,,0.071493842,0.898374926,0.030131232,,0.071493842,0.928506158
0.104829286,0.069738657,0.825432057,,0.104829286,0.895170714,,0.030909352,0.030030361,0.939060287,,0.030909352,0.969090648,,0.010265133,0.005687538,0.984047329,,0.010265133,0.989734867
0.928325796,0.002257952,0.069416253,,0.928325796,0.071674204,,0.937678184,0.002542195,0.059779621,,0.937678184,0.062321816,,0.776457114,0.110114069,0.113428816,,0.776457114,0.223542886
0.030186609,0.060102202,0.909711189,,0.030186609,0.969813391,,0.180995681,0.242729174,0.576275145,,0.180995681,0.819004319,,0.050656343,0.06724201,0.882101647,,0.050656343,0.949343657
0.079116757,0.866174317,0.054708926,,0.079116757,0.920883243,,0.091582463,0.815002919,0.093414618,,0.091582463,0.908417537,,0.019616199,0.543443225,0.436940576,,0.019616199,0.980383801
0.043292894,0.952944955,0.00376215,,0.043292894,0.956707106,,0.199239839,0.763135667,0.037624494,,0.199239839,0.800760161,,0.000450642,0.968562375,0.030986983,,0.000450642,0.999549358
0.04191447,0.119046301,0.839039229,,0.04191447,0.95808553,,0.181401679,0.089518949,0.729079372,,0.181401679,0.818598321,,0.023152885,0.035105819,0.941741297,,0.023152885,0.976847115
0.087743057,0.131188878,0.781068064,,0.087743057,0.912256943,,0.193593513,0.085008094,0.721398393,,0.193593513,0.806406487,,0.128992984,0.024160933,0.846846083,,0.128992984,0.871007016
0.131353284,0.842074842,0.026571873,,0.131353284,0.868646716,,0.146191464,0.811505129,0.042303407,,0.146191464,0.853808536,,0.155234424,0.836626636,0.008138941,,0.155234424,0.844765576
0.139132466,0.047315656,0.813551878,,0.139132466,0.860867534,,0.063225905,0.036992315,0.89978178,,0.063225905,0.936774095,,0.032924839,0.075104296,0.891970865,,0.032924839,0.967075161
0.021444254,0.946368732,0.032187014,,0.021444254,0.978555746,,0.16894185,0.688002489,0.14305566,,0.16894185,0.83105815,,0.032469841,0.846750935,0.120779224,,0.032469841,0.967530159
0.983139499,0.008054892,0.008805609,,0.983139499,0.016860501,,0.811558194,0.176485633,0.011956173,,0.811558194,0.188441806,,0.964572054,0.014688096,0.02073985,,0.964572054,0.035427946
0.057155221,0.917798813,0.025045966,,0.057155221,0.942844779,,0.031165773,0.069050681,0.899783545,,0.031165773,0.968834227,,0.01451258,0.883180873,0.102306547,,0.01451258,0.98548742
0.742832151,0.034170895,0.222996954,,0.742832151,0.257167849,,0.824956108,0.068068236,0.106975656,,0.824956108,0.175043892,,0.930888119,0.008354815,0.060757066,,0.930888119,0.069111881
0.206665206,0.793163313,0.000171481,,0.206665206,0.793334794,,0.360347736,0.577213103,0.062439161,,0.360347736,0.639652264,,0.017013008,0.971750445,0.011236547,,0.017013008,0.982986992
0.927727909,0.041706389,0.030565702,,0.927727909,0.072272091,,0.834816635,0.072821719,0.092361646,,0.834816635,0.165183365,,0.872280133,0.068160304,0.059559563,,0.872280133,0.127719867
0.815001257,0.17594012,0.009058623,,0.815001257,0.184998743,,0.93197662,0.024049226,0.043974154,,0.93197662,0.06802338,,0.026525331,0.063479782,0.909994888,,0.026525331,0.973474669
0.019059147,0.195675839,0.785265015,,0.019059147,0.980940853,,0.239988551,0.207133604,0.552877845,,0.239988551,0.760011449,,0.077631665,0.0216119,0.900756435,,0.077631665,0.922368335
0.060197339,0.909168546,0.030634115,,0.060197339,0.939802661,,0.091269009,0.826290563,0.082440429,,0.091269009,0.908730991,,0.040279168,0.773192636,0.186528196,,0.040279168,0.959720832
0.005218569,0.978126614,0.016654817,,0.005218569,0.994781431,,0.013959301,0.982036235,0.004004464,,0.013959301,0.986040699,,0.04973416,0.826707733,0.123558107,,0.04973416,0.95026584
0.084327465,0.849482881,0.066189654,,0.084327465,0.915672535,,0.022742671,0.960379347,0.016877982,,0.022742671,0.977257329,,0.026540413,0.924604723,0.048854864,,0.026540413,0.973459587
0.93897238,0.010906488,0.050121132,,0.93897238,0.06102762,,0.988911131,0.006184676,0.004904193,,0.988911131,0.011088869,,0.92173448,0.039660858,0.038604662,,0.92173448,0.07826552
0.823083806,0.124296379,0.052619815,,0.823083806,0.176916194,,0.525404113,0.064471606,0.410124281,,0.525404113,0.474595887,,0.775085607,0.022156688,0.202757705,,0.775085607,0.224914393
0.011420598,0.181118169,0.807461233,,0.011420598,0.988579402,,0.002488988,0.315570899,0.681940113,,0.002488988,0.997511012,,0.06667422,0.077320104,0.856005676,,0.06667422,0.93332578
0.044446889,0.917668462,0.037884649,,0.044446889,0.955553111,,0.13811375,0.813357097,0.048529153,,0.13811375,0.86188625,,0.013844435,0.881303264,0.104852301,,0.013844435,0.986155565
0.807471343,0.130625062,0.061903596,,0.807471343,0.192528657,,0.894860149,0.080902306,0.024237545,,0.894860149,0.105139851,,0.938816646,0.035211171,0.025972182,,0.938816646,0.061183354
0.068517136,0.921270474,0.01021239,,0.068517136,0.931482864,,0.407198352,0.550455711,0.042345937,,0.407198352,0.592801648,,0.154433343,0.739641351,0.105925306,,0.154433343,0.845566657
0.024083462,0.836524585,0.139391954,,0.024083462,0.975916538,,0.755685326,0.196525529,0.047789145,,0.755685326,0.244314674,,0.168504855,0.814272283,0.017222862,,0.168504855,0.831495145
0.931354134,0.055875046,0.01277082,,0.931354134,0.068645866,,0.993014971,0.005643528,0.001341501,,0.993014971,0.006985029,,0.846173767,0.121835389,0.031990845,,0.846173767,0.153826233
0.137261656,0.811298023,0.051440321,,0.137261656,0.862738344,,0.137234245,0.801630111,0.061135644,,0.137234245,0.862765755,,0.044744527,0.864812759,0.090442714,,0.044744527,0.955255473
0.001571718,0.908796578,0.089631704,,0.001571718,0.998428282,,0.05722881,0.802972401,1.40E-01,,0.05722881,0.94277119,,0.010350355,0.988473554,0.001176091,,0.010350355,0.989649645
0.026830978,0.93309014,0.040078882,,0.026830978,0.973169022,,0.808098071,0.164733114,0.027168815,,0.808098071,0.191901929,,0.092317109,0.89488246,0.012800431,,0.092317109,0.907682891
0.121382437,0.871235678,0.007381885,,0.121382437,0.878617563,,0.06394538,0.897837439,0.038217181,,0.06394538,0.93605462,,0.094790279,0.877401227,0.027808495,,0.094790279,0.905209721
0.044847213,0.778200557,0.176952229,,0.044847213,0.955152787,,0.078599547,0.626769583,0.29463087,,0.078599547,0.921400453,,0.231102776,0.106636254,0.66226097,,0.231102776,0.768897224
0.071402158,0.913336147,0.015261694,,0.071402158,0.928597842,,0.015288568,0.076013786,0.908697646,,0.015288568,0.984711432,,0.089606075,0.07528156,0.835112364,,0.089606075,0.910393925
0.98080627,0.012679899,0.00651383,,0.98080627,0.01919373,,0.885266933,0.050907188,0.063825879,,0.885266933,0.114733067,,0.820422881,0.006653661,0.172923457,,0.820422881,0.179577119
0.921773932,0.0743569,0.003869168,,0.921773932,0.078226068,,0.924409455,0.041520527,0.034070018,,0.924409455,0.075590545,,0.899775779,0.05545016,0.044774061,,0.899775779,0.100224221
0.134807812,0.85673493,0.008457258,,0.134807812,0.865192188,,0.099183077,0.885711695,0.015105228,,0.099183077,0.900816923,,0.009631149,0.236689248,0.753679603,,0.009631149,0.990368851
0.058036535,0.017590777,0.924372688,,0.058036535,0.941963465,,0.124748761,0.008888891,0.866362348,,0.124748761,0.875251239,,0.086914543,0.074794418,0.838291039,,0.086914543,0.913085457
0.166393592,0.825995216,0.007611193,,0.166393592,0.833606408,,0.096088971,0.860743785,0.043167244,,0.096088971,0.903911029,,0.004011331,0.995517117,0.000471551,,0.004011331,0.995988669
0.035572957,0.956016409,0.008410633,,0.035572957,0.964427043,,0.041605987,0.801748585,0.156645428,,0.041605987,0.958394013,,0.000299977,2.66E-05,0.999673423,,0.000299977,0.999700023
0.231033631,0.070460122,0.698506248,,0.231033631,0.768966369,,0.116993912,0.020221972,0.862784116,,0.116993912,0.883006088,,0.007056394,0.04331672,0.949626887,,0.007056394,0.992943606
0.06110976,0.035618456,0.903271784,,0.06110976,0.93889024,,0.109619395,0.074771383,0.815609223,,0.109619395,0.890380605,,0.00829353,0.072946511,0.918759959,,0.00829353,0.99170647
0.004945172,0.004119814,0.990935014,,0.004945172,0.995054828,,0.084893371,0.059262539,0.855844091,,0.084893371,0.915106629,,0.011818272,0.00465082,0.983530908,,0.011818272,0.988181728
0.215608596,0.011477683,0.772913721,,0.215608596,0.784391404,,0.006325496,0.036540469,0.957134036,,0.006325496,0.993674504,,0.118217308,0.091831268,0.789951424,,0.118217308,0.881782692
0.03128063,0.836369681,0.132349689,,0.03128063,0.96871937,,0.059408949,0.817276108,0.123314943,,0.059408949,0.940591051,,0.005988935,0.857296428,0.136714637,,0.005988935,0.994011065
0.995179011,0.002169377,0.002651612,,0.995179011,0.004820989,,0.79635875,0.087198886,0.116442364,,0.79635875,0.20364125,,0.95520341,0.037636048,0.007160542,,0.95520341,0.04479659
0.137172255,0.803989874,0.058837871,,0.137172255,0.862827745,,0.099865514,0.070893136,0.829241351,,0.099865514,0.900134486,,0.067156646,0.12884898,0.803994374,,0.067156646,0.932843354
0.988237026,0.009870406,0.001892569,,0.988237026,0.011762974,,0.884422111,0.022187851,0.093390038,,0.884422111,0.115577889,,0.810971461,0.175972815,0.013055724,,0.810971461,0.189028539
0.086168213,0.031349642,0.882482145,,0.086168213,0.913831787,,0.122024612,0.037352223,0.840623165,,0.122024612,0.877975388,,0.013321901,0.07418478,0.91249332,,0.013321901,0.986678099
0.154901342,0.046157467,0.798941191,,0.154901342,0.845098658,,0.164850125,0.068129035,0.76702084,,0.164850125,0.835149875,,0.848787566,0.073230749,0.077981685,,0.848787566,0.151212434
0.031822385,0.923181691,0.044995924,,0.031822385,0.968177615,,0.055939747,0.783054408,0.161005846,,0.055939747,0.944060253,,0.002296456,0.997415431,0.000288113,,0.002296456,0.997703544
0.016423105,0.211705957,0.771870937,,0.016423105,0.983576895,,0.130103666,0.058990551,0.810905783,,0.130103666,0.869896334,,0.035335619,0.016317785,0.948346596,,0.035335619,0.964664381
0.016980768,0.016501906,0.966517326,,0.016980768,0.983019232,,0.137814732,0.712684086,0.149501183,,0.137814732,0.862185268,,0.04279686,0.033981376,0.923221764,,0.04279686,0.95720314
0.759518543,0.160381015,0.080100442,,0.759518543,0.240481457,,0.614112058,0.051585972,0.33430197,,0.614112058,0.385887942,,0.886328291,0.010101087,0.103570621,,0.886328291,0.113671709
0.098361497,0.792449829,0.109188675,,0.098361497,0.901638503,,0.114534098,0.793228151,0.092237751,,0.114534098,0.885465902,,0.141154704,0.790720376,0.068124919,,0.141154704,0.858845296
0.68498365,0.048474557,0.266541793,,0.68498365,0.31501635,,0.839963183,0.021303509,0.138733308,,0.839963183,0.160036817,,0.973161267,0.026829041,9.69E-06,,0.973161267,0.026838733
0.707825719,0.053538146,0.238636135,,0.707825719,0.292174281,,0.77032782,0.03148598,0.1981862,,0.77032782,0.22967218,,0.88852928,0.018731173,0.092739547,,0.88852928,0.11147072
0.006662242,0.969858466,0.023479292,,0.006662242,0.993337758,,0.046113158,0.774732535,0.179154308,,0.046113158,0.953886842,,0.171840919,0.8068048,0.021354281,,0.171840919,0.828159081
0.893602316,0.052802683,0.053595001,,0.893602316,0.106397684,,0.844742761,0.014589448,0.14066779,,0.844742761,0.155257239,,0.822050039,0.120070795,0.057879166,,0.822050039,0.177949961
0.02990929,0.009880788,0.960209922,,0.02990929,0.97009071,,0.005055598,0.012932956,0.982011446,,0.005055598,0.994944402,,0.11587895,0.052088124,0.832032926,,0.11587895,0.88412105
0.070201171,0.870535868,0.059262961,,0.070201171,0.929798829,,0.032335322,0.875975982,0.091688696,,0.032335322,0.967664678,,0.158767721,0.794318359,0.04691392,,0.158767721,0.841232279
0.192673571,0.788021588,0.019304841,,0.192673571,0.807326429,,0.014862768,0.98448755,0.000649682,,0.014862768,0.985137232,,0.028111638,0.946016953,0.025871409,,0.028111638,0.971888362
0.111490982,0.010716518,0.8777925,,0.111490982,0.888509018,,0.217829177,0.0149576,0.767213222,,0.217829177,0.782170823,,0.137840705,0.050358153,0.811801142,,0.137840705,0.862159295
0.021082772,0.901724195,0.077193034,,0.021082772,0.978917228,,0.049400398,0.864010189,0.086589413,,0.049400398,0.950599602,,0.026628128,0.821111072,0.1522608,,0.026628128,0.973371872
0.787906237,0.010375577,0.201718186,,0.787906237,0.212093763,,0.988467969,0.008369237,0.003162793,,0.988467969,0.011532031,,0.500645933,0.154139609,0.345214458,,0.500645933,0.499354067
0.082851552,0.023477871,0.893670577,,0.082851552,0.917148448,,0.067527924,0.010001955,0.922470121,,0.067527924,0.932472076,,0.011946303,0.001032673,0.987021024,,0.011946303,0.988053697
0.088180382,0.108580644,0.803238974,,0.088180382,0.911819618,,0.104383999,0.042507181,0.853108819,,0.104383999,0.895616001,,0.020565455,0.227361588,0.752072956,,0.020565455,0.979434545
0.899108888,0.030745811,0.070145301,,0.899108888,0.100891112,,0.988678249,0.007864561,0.00345719,,0.988678249,0.011321751,,0.79147294,0.018611409,0.18991565,,0.79147294,0.20852706
0.001914857,0.952619756,0.045465387,,0.001914857,0.998085143,,0.1187135,0.76353526,0.11775124,,0.1187135,0.8812865,,0.087606256,0.822255274,0.090138469,,0.087606256,0.912393744
0.088800036,0.802134969,0.109064995,,0.088800036,0.911199964,,0.256325679,0.620386325,0.123287996,,0.256325679,0.743674321,,0.086833637,0.889530223,0.02363614,,0.086833637,0.913166363
0.179267726,0.808871636,0.011860638,,0.179267726,0.820732274,,0.284137888,0.671180976,0.044681136,,0.284137888,0.715862112,,0.014854376,0.000510866,0.984634758,,0.014854376,0.985145624
0.0428561,0.04275991,0.914383989,,0.0428561,0.9571439,,0.028592821,0.054344427,0.917062752,,0.028592821,0.971407179,,0.161310042,0.059839375,0.778850583,,0.161310042,0.838689958
0.020194504,0.089285042,0.890520454,,0.020194504,0.979805496,,0.047109529,0.056445483,0.896444988,,0.047109529,0.952890471,,0.00637442,0.029509124,0.964116456,,0.00637442,0.99362558
0.000656621,0.003706117,0.995637262,,0.000656621,0.999343379,,0.012938172,0.952855275,0.034206553,,0.012938172,0.987061828,,0.008617351,0.848154485,0.143228165,,0.008617351,0.991382649
0.104920012,0.10419771,0.790882277,,0.104920012,0.895079988,,0.073422761,0.106209605,0.820367634,,0.073422761,0.926577239,,0.05560028,0.126359288,0.818040432,,0.05560028,0.94439972
0.018749836,0.891984824,0.08926534,,0.018749836,0.981250164,,0.011497782,0.000456582,0.988045636,,0.011497782,0.988502218,,0.032967157,0.963437946,0.003594897,,0.032967157,0.967032843
0.04229936,0.176740916,0.780959725,,0.04229936,0.95770064,,0.219684341,0.000754841,0.779560818,,0.219684341,0.780315659,,0.094320178,0.89681549,0.008864332,,0.094320178,0.905679822
0.002439432,0.004246676,0.993313893,,0.002439432,0.997560568,,0.05357112,0.891633293,0.054795587,,0.05357112,0.94642888,,0.010755038,0.100682385,0.888562577,,0.010755038,0.989244962
0.993709297,0.004500433,0.00179027,,0.993709297,0.006290703,,0.870487337,0.122104944,0.007407719,,0.870487337,0.129512663,,0.904813487,0.044352576,0.050833937,,0.904813487,0.095186513
0.840267172,0.096073385,0.063659443,,0.840267172,0.159732828,,0.050375218,0.803913083,0.145711699,,0.050375218,0.949624782,,0.719994036,0.060237635,0.219768329,,0.719994036,0.280005964
0.057848082,0.072100733,0.870051186,,0.057848082,0.942151918,,0.7013878,0.015400874,0.283211325,,0.7013878,0.2986122,,0.006188787,0.229399793,0.76441142,,0.006188787,0.993811213
0.273576387,0.572840969,0.153582645,,0.273576387,0.726423613,,0.208639542,0.769928519,0.021431939,,0.208639542,0.791360458,,0.04419306,0.937957285,0.017849655,,0.04419306,0.95580694
0.021344855,0.066058409,0.912596736,,0.021344855,0.978655145,,0.020006542,0.001161616,0.978831842,,0.020006542,0.979993458,,0.113275876,0.073509122,0.813215003,,0.113275876,0.886724124
0.980971071,0.015762714,0.003266215,,0.980971071,0.019028929,,0.009046597,0.049930841,0.941022562,,0.009046597,0.990953403,,0.780978805,0.148341645,0.07067955,,0.780978805,0.219021195
0.035682949,0.919308053,0.045008999,,0.035682949,0.964317051,,0.02276844,0.959441398,0.017790162,,0.02276844,0.97723156,,0.034796259,0.826886158,0.138317583,,0.034796259,0.965203741
0.035420561,0.826331448,0.138247991,,0.035420561,0.964579439,,0.190093916,0.756041363,0.053864721,,0.190093916,0.809906084,,0.075571446,0.803406082,0.121022472,,0.075571446,0.924428554
0.928647863,0.004526888,0.066825249,,0.928647863,0.071352137,,0.064906983,0.062852481,0.872240536,,0.064906983,0.935093017,,0.82486691,0.135761521,0.039371569,,0.82486691,0.17513309
0.058551231,0.08320558,0.85824319,,0.058551231,0.941448769,,0.039385419,0.062199101,0.89841548,,0.039385419,0.960614581,,0.106703016,0.034907659,0.858389325,,0.106703016,0.893296984
0.130150616,0.06033032,0.809519064,,0.130150616,0.869849384,,0.03416945,0.089463618,0.876366932,,0.03416945,0.96583055,,0.046429716,0.190174512,0.763395772,,0.046429716,0.953570284
0.009611491,0.852784525,0.137603984,,0.009611491,0.990388509,,0.173841219,0.797454479,0.028704302,,0.173841219,0.826158781,,0.118489753,0.837920529,0.043589719,,0.118489753,0.881510247
0.040246129,0.947947924,0.011805948,,0.040246129,0.959753871,,0.116800824,0.809188762,0.074010414,,0.116800824,0.883199176,,0.098502695,0.069828119,0.831669187,,0.098502695,0.901497305
0.01365322,0.192084708,0.794262072,,0.01365322,0.98634678,,0.152601512,0.016621861,0.830776627,,0.152601512,0.847398488,,0.128458673,0.057687822,0.813853504,,0.128458673,0.871541327
0.012182336,0.004982218,0.982835446,,0.012182336,0.987817664,,0.017028473,0.009666075,0.973305452,,0.017028473,0.982971527,,0.072049178,0.083060127,0.844890695,,0.072049178,0.927950822
0.012711978,0.000965177,0.986322845,,0.012711978,0.987288022,,0.015078284,0.229795911,0.755125805,,0.015078284,0.984921716,,0.001426036,0.011137392,0.987436572,,0.001426036,0.998573964
0.959066246,0.029674567,0.011259186,,0.959066246,0.040933754,,0.843526522,0.054228161,0.102245316,,0.843526522,0.156473478,,0.936312687,0.055838198,0.007849115,,0.936312687,0.063687313
0.094600986,0.018643575,0.886755439,,0.094600986,0.905399014,,0.070856224,0.031167477,0.897976299,,0.070856224,0.929143776,,0.146971372,0.79179688,0.061231747,,0.146971372,0.853028628
0.018319473,0.908912961,0.072767565,,0.018319473,0.981680527,,0.204766799,0.004402101,0.790831101,,0.204766799,0.795233201,,0.015074588,0.087557032,0.89736838,,0.015074588,0.984925412
0.751595159,0.07023367,0.178171171,,0.751595159,0.248404841,,0.849699271,0.01939396,0.130906769,,0.849699271,0.150300729,,0.649427354,0.288832794,0.061739853,,0.649427354,0.350572646
0.101203878,0.007266816,0.891529306,,0.101203878,0.898796122,,0.396544391,0.061351947,0.542103662,,0.396544391,0.603455609,,0.067829135,0.178301405,0.75386946,,0.067829135,0.932170865
0.00398993,0.994470075,0.001539995,,0.00398993,0.99601007,,0.192364171,0.752399733,0.055236096,,0.192364171,0.807635829,,0.069230517,0.823444506,0.107324977,,0.069230517,0.930769483
0.106560045,0.029810042,0.863629913,,0.106560045,0.893439955,,0.001342224,0.132341726,0.86631605,,0.001342224,0.998657776,,0.095268234,0.034959455,0.869772311,,0.095268234,0.904731766
0.768565839,0.066676155,0.164758006,,0.768565839,0.231434161,,0.971983354,0.02352195,0.004494696,,0.971983354,0.028016646,,0.761407472,0.229445688,0.00914684,,0.761407472,0.238592528
0.0867038,0.109863132,0.803433068,,0.0867038,0.9132962,,0.034401324,0.20597051,0.759628166,,0.034401324,0.965598676,,0.026526076,0.081815038,0.891658886,,0.026526076,0.973473924
0.012602681,0.00359985,0.983797469,,0.012602681,0.987397319,,0.156779451,0.091168339,0.752052211,,0.156779451,0.843220549,,0.045320466,0.031904116,0.922775417,,0.045320466,0.954679534
0.068005695,0.915196151,0.016798154,,0.068005695,0.931994305,,0.001360878,0.78562536,0.213013762,,0.001360878,0.998639122,,0.09683465,0.780733686,0.122431664,,0.09683465,0.90316535
0.000575004,0.990010731,0.009414265,,0.000575004,0.999424996,,0.070117443,0.917468887,0.01241367,,0.070117443,0.929882557,,0.083699206,0.840040344,0.076260449,,0.083699206,0.916300794
0.016568752,0.02132297,0.962108278,,0.016568752,0.983431248,,0.115683953,0.00287154,0.881444507,,0.115683953,0.884316047,,0.05992437,0.055743106,0.884332524,,0.05992437,0.94007563
0.101116138,0.896251015,0.002632847,,0.101116138,0.898883862,,0.856294004,0.125954445,0.017751551,,0.856294004,0.143705996,,0.070874751,0.922504506,0.006620744,,0.070874751,0.929125249
0.121666631,0.078913939,0.79941943,,0.121666631,0.878333369,,0.172525671,0.020970446,0.806503883,,0.172525671,0.827474329,,0.008860338,0.04818294,0.942956722,,0.008860338,0.991139662
0.217278008,0.026153168,0.756568824,,0.217278008,0.782721992,,0.202025214,0.033592409,0.764382377,,0.202025214,0.797974786,,0.011546388,0.025284592,0.96316902,,0.011546388,0.988453612
0.046836441,0.053479806,0.899683754,,0.046836441,0.953163559,,0.024689344,0.011527314,0.963783343,,0.024689344,0.975310656,,0.13173502,0.092464382,0.775800598,,0.13173502,0.86826498
0.928594767,0.034439287,0.036965946,,0.928594767,0.071405233,,0.900207405,0.022177178,0.077615417,,0.900207405,0.099792595,,0.877769369,0.060885595,0.061345035,,0.877769369,0.122230631
0.032727771,0.076906616,0.890365614,,0.032727771,0.967272229,,0.00057024,0.002088012,0.997341749,,0.00057024,0.99942976,,0.034500144,0.057723076,0.90777678,,0.034500144,0.965499856
0.011838343,0.814278907,0.17388275,,0.011838343,0.988161657,,0.025960455,0.953880615,0.02015893,,0.025960455,0.974039545,,0.020675569,0.115453921,0.86387051,,0.020675569,0.979324431
0.045348715,0.170152986,0.784498299,,0.045348715,0.954651285,,0.09467237,0.044850558,0.860477072,,0.09467237,0.90532763,,0.075042352,0.093230692,0.831726956,,0.075042352,0.924957648
0.237683045,0.012791186,0.749525769,,0.237683045,0.762316955,,0.122820892,0.049398136,0.827780972,,0.122820892,0.877179108,,0.082059797,0.036921214,0.881018989,,0.082059797,0.917940203
0.866024764,0.099609498,0.034365738,,0.866024764,0.133975236,,0.198612751,0.767486839,0.03390041,,0.198612751,0.801387249,,0.093281958,0.83735177,0.069366272,,0.093281958,0.906718042
0.029694165,0.013016732,0.957289103,,0.029694165,0.970305835,,0.204767806,0.016510795,0.778721399,,0.204767806,0.795232194,,0.238736932,0.228444802,0.532818265,,0.238736932,0.761263068
0.77371096,0.195511328,0.030777711,,0.77371096,0.22628904,,0.813963156,0.011209805,0.174827039,,0.813963156,0.186036844,,0.761495353,0.105845392,0.132659255,,0.761495353,0.238504647
0.807285985,0.007915207,0.184798808,,0.807285985,0.192714015,,0.769107213,0.019497484,0.211395303,,0.769107213,0.230892787,,0.765352874,0.131572541,0.103074586,,0.765352874,0.234647126
0.117734534,0.069486247,0.812779219,,0.117734534,0.882265466,,0.134298105,0.786467564,0.079234331,,0.134298105,0.865701895,,0.157287913,0.058417907,0.784294181,,0.157287913,0.842712087
0.013242958,0.102579792,0.88417725,,0.013242958,0.986757042,,0.021369351,0.004294472,0.974336177,,0.021369351,0.978630649,,0.000563435,0.114349241,0.885087324,,0.000563435,0.999436565
0.772124861,0.010141757,0.217733382,,0.772124861,0.227875139,,0.835031392,0.010462648,0.15450596,,0.835031392,0.164968608,,0.912299834,0.084445587,0.003254579,,0.912299834,0.087700166
0.101616921,0.112035465,0.786347614,,0.101616921,0.898383079,,0.040509386,0.032645902,0.926844712,,0.040509386,0.959490614,,0.158673089,0.057952666,0.783374244,,0.158673089,0.841326911
0.886280823,0.064314153,0.049405024,,0.886280823,0.113719177,,0.902213706,0.088374488,0.009411806,,0.902213706,0.097786294,,0.995807959,0.002284981,0.00190706,,0.995807959,0.004192041
0.920341921,0.004099017,0.075559062,,0.920341921,0.079658079,,0.825849644,0.039139317,0.13501104,,0.825849644,0.174150356,,0.908811685,0.083618549,0.007569766,,0.908811685,0.091188315
0.130810231,0.867487555,0.001702214,,0.130810231,0.869189769,,0.792963818,0.029578165,0.177458017,,0.792963818,0.207036182,,0.124215038,0.836062689,0.039722274,,0.124215038,0.875784962
0.0067905,0.027032019,0.966177481,,0.0067905,0.9932095,,0.142823713,0.072836933,0.784339354,,0.142823713,0.857176287,,0.142189845,0.025677404,0.832132751,,0.142189845,0.857810155
0.17792607,0.519784574,0.302289356,,0.17792607,0.82207393,,0.072195207,0.831717713,0.096087081,,0.072195207,0.927804793,,0.021851684,0.201123734,0.777024582,,0.021851684,0.978148316
0.054432269,0.035057275,0.910510456,,0.054432269,0.945567731,,0.07263044,0.057685332,0.869684228,,0.07263044,0.92736956,,0.151856299,0.086203911,0.761939791,,0.151856299,0.848143701
0.209995356,0.137007144,0.6529975,,0.209995356,0.790004644,,0.051067238,0.118009775,0.830922988,,0.051067238,0.948932762,,0.071613249,0.001162476,0.927224275,,0.071613249,0.928386751
0.002031278,0.0091606,0.988808122,,0.002031278,0.997968722,,0.008247036,0.075810937,0.915942027,,0.008247036,0.991752964,,0.069849802,0.013131768,0.91701843,,0.069849802,0.930150198
0.112324549,0.014655532,0.873019918,,0.112324549,0.887675451,,0.061762179,0.098072777,0.840165045,,0.061762179,0.938237821,,0.182783545,0.04846147,0.768754985,,0.182783545,0.817216455
0.139240291,0.063046003,0.797713705,,0.139240291,0.860759709,,0.200172023,0.03698526,0.762842717,,0.200172023,0.799827977,,0.003131273,0.18770762,0.809161107,,0.003131273,0.996868727
,,,,,,,,,,,,,,,,,,,